{
    "acc": 0.8133333333333334,
    "f1": 0.5930232558139534,
    "precision": 0.5257731958762887,
    "recall": 0.68,
    "roc_auc": 0.7633333333333334
}